Full SKU Name,Category 
Garnier Color Naturals - 1 Noir Black Hair Color,Hair Care
Garnier Color Naturals - 2.0 Soft Black Hair Color,Hair Care
Garnier Color Naturals - 3 Dark Brown Hair Color,Hair Care
Garnier Color Naturals - 3.3 Dark Toffee Noir Caramel Hair Color,Hair Care
Garnier Color Naturals - 3.6 Deep Red Brown Hair Color,Hair Care
Garnier Color Naturals - 3.61 Luscious Blackberry Hair Color,Hair Care
Garnier Color Naturals - 4 Brown Hair Color,Hair Care
Garnier Color Naturals - 4 Brown Hair Color,Hair Care
Garnier Color Naturals - 4.1 Deep Ashy Brown Hair Color,Hair Care
Garnier Color Naturals - 4.15 Brownie Chocolate Hair Color,Hair Care
Garnier Color Naturals - 4.3 Golden Brown Hair Color,Hair Care
Garnier Color Naturals - 4.6 Burgundy Hair Color,Hair Care
Garnier Color Naturals - 4.6 Burgundy Hair Color,Hair Care
Garnier Color Naturals - 4.62 Sweet Cherry Hair Color,Hair Care
Garnier Color Naturals - 4.7 Dark Shiny Brown Hair Color,Hair Care
Garnier Color Naturals - 5 1/2 Creamy Coffee Hair Color,Hair Care
Garnier Color Naturals - 5 Light Brown Hair Color,Hair Care
Garnier Color Naturals - 5.1 Light Ashy Brown Hair Color,Hair Care
Garnier Color Naturals - 5.132 Nude Medium Brown Hair Color,Hair Care
Garnier Color Naturals - 5.15 Mahogany Ash Light Brown Hair Color,Hair Care
Garnier Color Naturals - 5.15 Mahogany Ash Light Brown Hair Color,Hair Care
Garnier Color Naturals - 5.25 Cinnamon Chocolate Hair Color,Hair Care
Garnier Color Naturals - 5.3 Light Golden Brown Hair Color,Hair Care
Garnier Color Naturals - 5.52 Chestnut Hair Color,Hair Care
Garnier Color Naturals - 6 Dark Blonde Hair Color,Hair Care
Garnier Color Naturals - 6.1 Dark Ash Blonde Hair Color,Hair Care
Garnier Color Naturals - 6.25 Hazelnut Hair Color,Hair Care
Garnier Color Naturals - 6.3 Mocca Hair Color,Hair Care
Garnier Color Naturals - 6.34 Chocolate Hair Color,Hair Care
Garnier Color Naturals - 6.66 Intense Red Hair Color,Hair Care
Garnier Color Naturals - 6.7 Sparkle Pure Chocolate Brown Hair Color,Hair Care
Garnier Color Naturals - 7 Blonde Hair Color,Hair Care
Garnier Color Naturals - 7.1 Ash Blonde Hair Color,Hair Care
Garnier Color Naturals - 7.11 Deep Ashy Blonde Hair Color,Hair Care
Garnier Color Naturals - 7.3 Natural Golden Blonde Hair Color,Hair Care
Garnier Color Naturals - 7.7 Deer Brown Hair Color,Hair Care
Garnier Light Complete Vitamin C Booster Serum 30 ML - Contains Niacinamide ,Skin Care
Garnier Men Acno Fight Face Makeup Wash 100 ml,Skin Care
Garnier Men Acno Fight Face Makeup Wash 20 ml,Skin Care
Garnier Men Acno Fight Face Makeup Wash 50 ml,Skin Care
Garnier Men Oil Clear Face Makeup Wash 100 ml,Skin Care
Garnier Men Oil Clear Face Makeup Wash 100ml,Skin Care
Garnier Men Oil Clear Face Makeup Wash 50 ml,Skin Care
Garnier Men Power White 2-in-1 Fairness Face Makeupwash and Shaving Foam 100 ml,Skin Care
Garnier Men Power White 2-in-1 Fairness Face Makeupwash and Shaving Foam 50 ml,Skin Care
Garnier Men Power White Face Makeup Wash 100 ml - For Brighter Skin,Skin Care
Garnier Men Power White Face Makeup Wash 50 ml - For Brighter Skin,Skin Care
Garnier Men Power White Super Duo Foam 100 ml - For Brighter Skin,Skin Care
Garnier Men Power White Super Duo Foam 50 ml - For Brighter Skin,Skin Care
Garnier Pure Active Hand Sanitizer Gel Hydro-Alcoholic 100ml,Skin Care
"Garnier Purifying Hand Wash With Tea Tree Oil, 150ml",Skin Care
Garnier Skin Active 3-in-1 Charcoal Blackhead Face Makeup Wash Mask Scrub 100ml,Skin Care
Garnier Skin Active 3-in-1 Charcoal Blackhead Face Makeup Wash Mask Scrub 50ml,Skin Care
Garnier Skin Active 3-in-1 Clay Face Makeup Wash Mask Scrub 100ml,Skin Care
Garnier Skin Active 3-in-1 Clay Face Makeup Wash Mask Scrub 50ml,Skin Care
Garnier Skin Active BB Cream Classic Extra Light 50ml,Skin Care
Garnier Skin Active BB Cream Classic Light 50ml,Skin Care
Garnier Skin Active BB Cream Oil Control Light 40ml,Skin Care
Garnier Skin Active BB Cream Oil Control Medium 40ml ,Skin Care
"Garnier Skin Active Hydra Bomb Chamomile Tissue Face Makeup Mask, Hydrating and Soothing 32g",Skin Care
"Garnier Skin Active Hydra Bomb Chamomile Tissue Face Makeup Mask, Hydrating and Soothing 32g",Skin Care
"Garnier Skin Active Hydra Bomb Green Tea Tissue Face Makeup Mask, Hydrating and Rebalancing 32g ",Skin Care
"Garnier Skin Active Hydra Bomb Green Tea Tissue Face Makeup Mask, Hydrating and Rebalancing 32g ",Skin Care
"Garnier Skin Active Hydra Bomb Orange Tissue Eye Mask, Cooling Effect 6g",Skin Care
"Garnier Skin Active Hydra Bomb Orange Tissue Eye Mask, Cooling Effect 6g",Skin Care
"Garnier Skin Active Hydra Bomb Pomegranate Tissue Face Makeup Mask, Hydrating and Replenishing 32g ",Skin Care
"Garnier Skin Active Hydra Bomb Sakura Tissue Face Makeup Mask, Hydrating and Glow Boosting  32g",Skin Care
Garnier Skin Active Light Complete Day Cream 20ml - For Brighter Skin,Skin Care
Garnier Skin Active Light Complete Day Cream 40ml - For Brighter Skin,Skin Care
Garnier Skin Active Light Complete Face Makeup Wash 100ml - For Brighter Skin,Skin Care
Garnier Skin Active Light Complete Face Makeup Wash 25 ml - For Brighter Skin,Skin Care
Garnier Skin Active Light Complete Face Makeup Wash 50 ml - For Brighter Skin,Skin Care
Garnier Skin Active Light Complete Tissue Face Makeup Mask - For Brighter Skin,Skin Care
Garnier Skin Active Micellar Makeup Cleansing Water 100 ml,Skin Care
Garnier Skin Active Micellar Makeup Cleansing Water 125 ml ,Skin Care
Garnier Skin Active Micellar Makeup Cleansing Water 400 ml,Skin Care
Garnier Skin Active Micellar Makeup Cleansing Water in Oil 100 ml,Skin Care
Garnier Skin Active Micellar Makeup Cleansing Wipes 25 pcs,Skin Care
Garnier Skin Active Neem Purifying Face Makeup Wash 100ml,Skin Care
Garnier Skin Active Neem Purifying Face Makeup Wash 50ml,Skin Care
"Garnier Skin Active Pure Charcoal Black Algae Tissue Face Makeup Mask, Pore Tightening 28 g ",Skin Care
"Garnier Skin Active Pure Charcoal Black Tea Tissue Face Makeup Mask, Mattifying 28 g ",Skin Care
Garnier Skin Active Vitamin C Micellar Makeup Cleansing Water 125 ml ,Skin Care
Garnier Skin Active Vitamin C Micellar Makeup Cleansing Water 400 ml,Skin Care
L'Oreal Paris 1.5% Hyaluronic Acid Serum 30 ML,Skin Care
L'Oreal Paris Casting Creme Gloss - 200 Deep Black Hair Color,Hair Care
L'Oreal Paris Casting Creme Gloss - 210 Ashy Black Hair Color,Hair Care
L'Oreal Paris Casting Creme Gloss - 300 Dark Brown Hair Color,Hair Care
L'Oreal Paris Casting Creme Gloss - 323 Darkest Warm Brown Hair Color,Hair Care
L'Oreal Paris Casting Creme Gloss - 360 Dark Red Hair Color,Hair Care
L'Oreal Paris Casting Creme Gloss - 400 Brown Hair Color,Hair Care
L'Oreal Paris Casting Creme Gloss - 432 Darkest Golden Brown Hair Color,Hair Care
L'Oreal Paris Casting Creme Gloss - 500 Light Brown Hair Color,Hair Care
L'Oreal Paris Casting Creme Gloss - 513 Ashy Nude Brown Hair Color,Hair Care
L'Oreal Paris Casting Creme Gloss - 535 Mahogany Golden Light Brown Hair Color,Hair Care
L'Oreal Paris Casting Creme Gloss - 543 Golden Henna Hair Color,Hair Care
L'Oreal Paris Casting Creme Gloss - 550 Light Brown Hair Color,Hair Care
L'Oreal Paris Casting Creme Gloss - 600 Dark Blonde Hair Color,Hair Care
L'Oreal Paris Casting Creme Gloss - 630 Caramel Hair Color,Hair Care
L'Oreal Paris Casting Creme Gloss - 700 Blond Hair Color,Hair Care
L'Oreal Paris Casting Creme Gloss - 810 Ashy Blonde Hair Color,Hair Care
L'Oreal Paris Elvive 6 Oil Nourish Conditioner 175 ml - For Dull & Dry Hair,Hair Care
L'Oreal Paris Elvive 6 Oil Nourish Shampoo 175 ml - For Dull & Dry Hair,Hair Care
L'Oreal Paris Elvive 6 Oil Nourish Shampoo 175 ml - For Dull & Dry Hair ,Hair Care
L'Oreal Paris Elvive 6 Oil Nourish Shampoo 360 ml - For Dull & Dry Hair,Hair Care
L'Oreal Paris Elvive 6 Oil Nourish Shampoo 360 ml - For Dull & Dry Hair,Hair Care
L'Oreal Paris Elvive Arginine Resist X3 200 ml - Anti-Hairfall Shampoo,Hair Care
L'Oreal Paris Elvive Arginine Resist X3 Oil Replacement 300 ml - For Dry Hair,Hair Care
L'Oreal Paris Elvive Color Protect Conditioner 175 ml - For Colored Hair,Hair Care
L'Oreal Paris Elvive Color Protect Shampoo 175 ml - For Colored Hair,Hair Care
L'Oreal Paris Elvive Color Protect Shampoo 360 ml - For Colored Hair,Hair Care
L'Oreal Paris Elvive Colour Protect Low Shampoo - For Coloured Hair,Hair Care
L'Oreal Paris Elvive Colour Protect Mask 300 ml - For Colored Hair,Hair Care
L'Oreal Paris Elvive Dream Long Conditioner 175 ml - For Longer & Stronger Hair,Hair Care
L'Oreal Paris Elvive Dream Long Mask 300 ml - For Longer & Stronger Hair,Hair Care
L'Oreal Paris Elvive Dream Long No Haircut Cream 200 ml - For Longer & Stronger Hair,Hair Care
L'Oreal Paris Elvive Dream Long Shampoo 175 ml - For Longer & Stronger Hair,Hair Care
L'Oreal Paris Elvive Dream Long Shampoo 360 ml - For Longer & Stronger Hair,Hair Care
L'Oreal Paris Elvive Extraordinary Oil Hair Styling Cream 200 ml - For Dry Hair,Hair Care
L'Oreal Paris Elvive Extraordinary Oil Low Shampoo 400 ml - For Dry Hair,Hair Care
L'Oreal Paris Elvive Extraordinary Oil Replacement 125 ml - For Dry Hair,Hair Care
L'Oreal Paris Elvive Extraordinary Oil Replacement 300 ml - For Dry Hair,Hair Care
L'Oreal Paris Elvive Fall Resist Arginine Mask 300 ml - Anti-Hairfall Mask,Hair Care
L'Oreal Paris Elvive Fall Resist Conditioner 175 ml - For Hairfall,Hair Care
L'Oreal Paris Elvive Fall Resist Shampoo 175 ml - For Hairfall,Hair Care
L'Oreal Paris Elvive Fall Resist Shampoo 360 ml - For Hairfall,Hair Care
L'Oreal Paris Elvive Keratin Straight 72H Conditioner 175 ml - For Straight Smooth Hair,Hair Care
L'Oreal Paris Elvive Keratin Straight 72H Oil in Cream 300 ml - For Straight Smooth Hair ,Hair Care
L'Oreal Paris Elvive Keratin Straight 72H Serum 50 ml - For Straight Smooth Hair,Hair Care
L'Oreal Paris Elvive Keratin Straight 72H Shampoo 175 ml - For Straight Smooth Hair,Hair Care
L'Oreal Paris Elvive Keratin Straight 72H Shampoo 360 ml - For Straight Smooth Hair,Hair Care
L'Oreal Paris Elvive Nutri Gloss Conditioner 175 ml - Add Shine to Dull Hair,Hair Care
L'Oreal Paris Elvive Nutri Gloss Shampoo 175 ml - Add Shine to Dull Hair,Hair Care
L'Oreal Paris Elvive Nutri Gloss Shampoo 360 ml - Add Shine to Dull Hair,Hair Care
L'Oreal Paris Elvive Smooth Intense Anti-Frizz Serum 50 ml - For Frizzy Hair,Hair Care
L'Oreal Paris Elvive Total Repair 5 Conditioner 175 ml - For Damaged Hair,Hair Care
L'Oreal Paris Elvive Total Repair 5 Conditioner 175 ml - For Damaged Hair,Hair Care
L'Oreal Paris Elvive Total Repair 5 Jar 200 ml Styling Cream - For Damaged Hair,Hair Care
L'Oreal Paris Elvive Total Repair 5 Low Shampoo 400 ml - For Damaged Hair ,Hair Care
L'Oreal Paris Elvive Total Repair 5 Mask 200 ml - For Damaged Hair,Hair Care
L'Oreal Paris Elvive Total Repair 5 Repairing Hair Oil Replacement 300 ml - For Damaged Hair,Hair Care
L'Oreal Paris Elvive Total Repair 5 Shampoo 175 ml - For Damaged Hair,Hair Care
L'Oreal Paris Elvive Total Repair 5 Shampoo 175 ml - For Damaged Hair,Hair Care
L'Oreal Paris Elvive Total Repair 5 Shampoo 360 ml - For Damaged Hair,Hair Care
L'Oreal Paris Elvive Total Repair 5 Shampoo 360 ml - For Damaged Hair,Hair Care
L'Oreal Paris Elvive Total Repair 5 Shampoo 640 ml - For Damaged Hair,Hair Care
L'Oreal Paris Excellence Creme - 1 Black Hair Color,Hair Care
L'Oreal Paris Excellence Creme - 3.0 Dark Brown Hair Color,Hair Care
L'Oreal Paris Excellence Creme - 4 Brown Hair Color,Hair Care
L'Oreal Paris Excellence Creme - 4.1 Profound Brown Hair Color,Hair Care
L'Oreal Paris Excellence Creme - 4.3 Golden Chestnut Brown Hair Color,Hair Care
L'Oreal Paris Excellence Creme - 5 Light Brown Hair Color,Hair Care
L'Oreal Paris Excellence Creme - 5.3 Golden Light Brown Hair Color,Hair Care
L'Oreal Paris Excellence Creme - 5.32 Solar Brown Hair Color,Hair Care
L'Oreal Paris Excellence Creme - 5.46 Grape Red Hair Color,Hair Care
L'Oreal Paris Excellence Creme - 6 Dark Blond Hair Color,Hair Care
L'Oreal Paris Excellence Creme - 6.1 Dark Ash Blonde Hair Color,Hair Care
L'Oreal Paris Excellence Creme - 6.13 Cool Dark Blonde Hair Color,Hair Care
L'Oreal Paris Excellence Creme - 6.7 Chocolate Brown Hair Color,Hair Care
L'Oreal Paris Excellence Creme - 7 Blonde Hair Color,Hair Care
L'Oreal Paris Excellence Creme - 7.1 Ash Blonde Hair Color,Hair Care
L'Oreal Paris Excellence Creme - 7.7 Honey Brown Hair Color,Hair Care
L'Oreal Paris Excellence Creme - 8 Light Blonde Hair Color,Hair Care
L'Oreal Paris Excellence Creme - 9 Natural Light Blonde Hair Color,Hair Care
L'Oreal Paris Excellence Creme - 9.1 Very Light Ash Blonde Hair Color,Hair Care
L'Oreal Paris Excellence Creme Intense - 2.16 Dark Violet Hair Color,Hair Care
L'Oreal Paris Excellence Creme Intense - 4.26 Deep Purple Red Hair Color,Hair Care
L'Oreal Paris Excellence Creme Intense - 5.1  Profound Light Brown Hair Color,Hair Care
L'Oreal Paris Excellence Creme Intense - 5.5 Mahogany Brown Hair Color,Hair Care
L'Oreal Paris Excellence Creme Intense - 5.52 Light Mahogany Brown Hair Color,Hair Care
L'Oreal Paris Excellence Creme Intense - 7.3 Dark Ash Blonde Hair Color,Hair Care
L'Oreal Paris Hyaluron Expert 24Hr Replumping Moisturizing Tissue Mask,Skin Care
L'Oreal Paris Hyaluron Expert Replumping Moisturizing Day Cream SPF 20 50 ml,Skin Care
L'Oreal Paris Hyaluron Expert Replumping Moisturizing Eye Cream 15 ml,Skin Care
L'Oreal Paris Hyaluron Expert Replumping Moisturizing Night Cream 50 ml,Skin Care
L'Oreal Paris Hydra Fresh Anti-Shine Purifying & Mattifying Icy Gel 50ml,Skin Care
L'Oreal Paris Hydra Fresh Aqua Essence All Day Hydration 50 ml Day Cream,Skin Care
L'Oreal Paris Magic Retouch Root Touch Up - 3 Brown,Hair Care
L'Oreal Paris Magic Retouch Root Touch Up - 5 Blond,Hair Care
L'Oreal Paris Men Expert Barber Club Beard and Hair Styling Cream 75ml,Men Expert
"L'Oreal Paris Men Expert Barber Club Beard, Face Makeup and Hair Wash 200ml",Men Expert
L'Oreal Paris Men Expert Barber Club Long Beard and Skin Oil 30ml,Men Expert
L'Oreal Paris Men Expert Barber Club Short Beard and Face Makeup Moisturizer 50ml,Men Expert
L'Oreal Paris Micellar Water Makeup Remover 400 ml,Skin Care
"L'Oreal Paris Pure Clay Anti-Blemish Marine Algae Face Makeup Mask, Blue 50 ml",Skin Care
"L'Oreal Paris Pure Clay Brightening Yuzu Lemon Face Makeup Mask, Yellow 50 ml",Skin Care
"L'Oreal Paris Pure Clay Detox and Brighten Cleanser, Black 150 ml",Skin Care
"L'Oreal Paris Pure Clay Detoxifying Charcoal Face Makeup Mask, Black 50 ml",Skin Care
"L'Oreal Paris Pure Clay Exfoliate and Refine Cleanser, Red 150 ml",Skin Care
"L'Oreal Paris Pure Clay Exfoliating Red Algae Face Makeup Mask, Red 50 ml",Skin Care
"L'Oreal Paris Pure Clay Purify and Mattify Cleanser, Green 150 ml",Skin Care
L'Oreal Paris Rare Flowers Cleansing Wipes Dry and Sensitive Skin 25 pcs,Skin Care
L'Oreal Paris Rare Flowers Cleansing Wipes Normal to Combination Skin 25 pcs,Skin Care
L'Oreal Paris Rare Flowers Gel Cream Cleanser For Dry And Sensitive Skin 150 ml,Skin Care
L'Oreal Paris Revitalift Classic Day Cream 50 ML - Anti-Aging,Skin Care
L'Oreal Paris Revitalift Classic Eye Cream 15 ML - Anti-Aging,Skin Care
L'Oreal Paris Revitalift Classic Night Cream 50 ML - Anti-Aging,Skin Care
L'Oreal Paris Revitalift Ginseng Glow Day Cream 50 ML - Anti-Aging,Skin Care
L'Oreal Paris Revitalift Laser x 3 Day Cream 50 ML - Anti-Aging,Skin Care
L'Oreal Paris Revitalift Laser x 3 Eye Cream 15 ML - Anti-Aging,Skin Care
L'Oreal Paris Revitalift Laser x 3 Night Cream 50 ML - Anti-Aging,Skin Care
L'Oreal Paris Revitalift Laser x 3 Serum 30 ML - Anti-Aging,Skin Care
L'Oreal Paris Revitalift Milky Cleansing Foam 100 ML - Anti-Aging,Skin Care
L'Oreal Paris Skin Perfect Age 30+ Day Cream 50 gm - Anti-Fine Lines Cream,Skin Care
L'Oreal Paris UV Perfect Sunblock SPF 50 30 ml,Skin Care
L'Oreal Paris White Perfect Anti Dullness Scrub Facial Foam Wash 100 ml - For Brighter Skin ,Skin Care
L'Oreal Paris White Perfect Day Cream 50 ml - For Brighter Skin ,Skin Care
L'Oreal Paris White Perfect Extraordinary Whip Foam 100 ml - For Brighter Skin ,Skin Care
L'Oreal Paris White Perfect Milky Foam Face Makeup Wash 100 ml - For Brighter Skin ,Skin Care
L'Oreal Paris White Perfect Night Cream 50 ml - For Brighter Skin ,Skin Care
L'Oreal Paris White Perfect Whitening and Moisturizing Toner 200 ml - For Brighter Skin ,Skin Care
L'Oreal Paris Air Volume Mega Washable Lightweight Mascara - Black,Eye Makeup
L'Oreal Paris Back To Bronze Matte Bronzing Powder,Face Makeup
L'Oreal Paris Bonjour Nudista Skin Tint BB Cream - 01 Fair,Face Makeup
L'Oreal Paris Bonjour Nudista Skin Tint BB Cream - 02 Medium Light,Face Makeup
L'Oreal Paris Brow Artist Micro Tattoo Eyebrow Pencil - 105 Warm Brunette,Eye Makeup
L'Oreal Paris Brow Artist Micro Tattoo Eyebrow Pencil - 108 Warm Brunette,Eye Makeup
L'Oreal Paris Brow Artist Xpert Eyebrow Pencil - 108 Warm Brunette,Eye Makeup
L'Oreal Paris Brow Artist Micro Tattoo Eyebrow Pencil - 109 Ebony,Eye Makeup
L'Oreal Paris Brow Artist Xpert Eyebrow Pencil - 109 Ebony,Eye Makeup
L'Oreal Paris Brow Artist Xpert Eyebrow Pencil - 108 Warm Brunette,Eye Makeup
L'Oreal Paris Brow Artist Xpert Eyebrow Pencil - 109 Ebony,Eye Makeup
L'Oreal Paris Brow Artiste Matte Eyebrow Pomade - 104 Brunette ,Eye Makeup
L'Oreal Paris Brow Artiste Matte Eyebrow Pomade - 106 Ebony,Eye Makeup
L'Oreal Paris Brow Artiste Plumper Dark Eyebrow Gel,Eye Makeup
L'Oreal Paris CC Genius Lip Balm - BBR1 ,Lip Makeup
L'Oreal Paris CC Genius Lip Balm - PK2 ,Lip Makeup
L'Oreal Paris CC Genius Lip Balm - PK3 ,Lip Makeup
L'Oreal Paris CC Genius Lip Balm - RED1 ,Lip Makeup
L'Oreal Paris CC Genius Lip Balm - RED2 ,Lip Makeup
L'Oreal Paris Cherry My Cheri Mega Eye Makeuphadow Palette,Eye Makeup
L'Oreal Paris Chroma Morphose Duo Chrome Highlighter Palette,Face Makeup
L'Oreal Paris Color Riche Free The Nudes Matte Lip Makeuptick - 01 No Obstacle,Lip Makeup
L'Oreal Paris Color Riche Free The Nudes Matte Lip Makeuptick - 02 No Cliché,Lip Makeup
L'Oreal Paris Color Riche Free The Nudes Matte Lip Makeuptick - 04 No Cage,Lip Makeup
L'Oreal Paris Color Riche Free The Nudes Matte Lip Makeuptick - 06 No Hesitation,Lip Makeup
L'Oreal Paris Color Riche Free The Nudes Matte Lip Makeuptick - 08 No Lies,Lip Makeup
L'Oreal Paris Color Riche Free The Nudes Matte Lip Makeuptick - 12 No Prejudice,Lip Makeup
L'Oreal Paris Color Riche La Palette Lip Makeuptick Kit - 01 Bold,Lip Makeup
L'Oreal Paris Color Riche Le Rouge Matte Lip Makeuptick - 608 Chouette Magenta,Lip Makeup
L'Oreal Paris Color Riche Le Rouge Matte Lip Makeuptick - 619 St Michael Rosewood,Lip Makeup
L'Oreal Paris Color Riche Le Rouge Matte Lip Makeuptick - 622 Alma Scarlet,Lip Makeup
L'Oreal Paris Color Riche Le Rouge Matte Lip Makeuptick - 628 Flaming Dawn,Lip Makeup
L'Oreal Paris Color Riche Lip Makeuptick - 703 Oud Obsession,Lip Makeup
L'Oreal Paris Color Riche Matte Addiction Lip Makeuptick - 101 Candy Silhouette,Lip Makeup
L'Oreal Paris Color Riche Matte Addiction Lip Makeuptick - 227 Hype,Lip Makeup
L'Oreal Paris Color Riche Matte Addiction Lip Makeuptick - 242 Rose Nuance,Lip Makeup
L'Oreal Paris Color Riche Matte Addiction Lip Makeuptick - 247 Hinted Blush,Lip Makeup
L'Oreal Paris Color Riche Matte Addiction Lip Makeuptick - 248 Flatter Me Nude,Lip Makeup
L'Oreal Paris Color Riche Matte Addiction Lip Makeuptick - 344 Crimson Obsession,Lip Makeup
L'Oreal Paris Color Riche Matte Addiction Lip Makeuptick - 348 Brick Rouge,Lip Makeup
L'Oreal Paris Color Riche Matte Addiction Lip Makeuptick - 349 Paris Cherry Front Row,Lip Makeup
L'Oreal Paris Color Riche Matte Addiction Lip Makeuptick - 358 Lava,Lip Makeup
L'Oreal Paris Color Riche Matte Addiction Lip Makeuptick - 430 Mon Jules,Lip Makeup
L'Oreal Paris Color Riche Matte Addiction Lip Makeuptick - 463 Plum Defile,Lip Makeup
L'Oreal Paris Color Riche Matte Addiction Lip Makeuptick - 635 Sandy Velvet,Lip Makeup
L'Oreal Paris Color Riche Matte Addiction Lip Makeuptick - 634 Greige Perfecto,Lip Makeup
L'Oreal Paris Color Riche Matte Addiction Lip Makeuptick - 636 Mohogany Studs,Lip Makeup
L'Oreal Paris Color Riche Matte Addiction Lip Makeuptick - 640 Erotique,Lip Makeup
L'Oreal Paris Color Riche Matte Lip Makeuptick - 347 Rouge Stiletto,Lip Makeup
L'Oreal Paris Color Riche Matte Addiction Lip Makeuptick - 471 Talisman,Lip Makeup
L'Oreal Paris Color Riche Matte Lip Makeuptick - 472 Purple Studs,Lip Makeup
L'Oreal Paris Color Riche Matte Lip Makeuptick - 473 Obsidian,Lip Makeup
L'Oreal Paris Color Riche Matte Lip Makeuptick - 632 Greige Amoureux,Lip Makeup
L'Oreal Paris Color Riche Matte Lip Makeuptick - 652 Stone,Lip Makeup
L'Oreal Paris Color Riche Matte Lip Makeuptick - 654 Bronze Sautoir,Lip Makeup
L'Oreal Paris Color Riche Matte Lip Makeuptick - 655 Copper Clutch,Lip Makeup
L'Oreal Paris Color Riche Matte Lip Makeuptick Balmain Collection - 246 Confession,Lip Makeup
L'Oreal Paris Color Riche Matte Lip Makeuptick Balmain Collection - 355 Domination,Lip Makeup
L'Oreal Paris Color Riche Matte Lip Makeuptick Balmain Collection - 356 Conviction,Lip Makeup
L'Oreal Paris Color Riche Matte Lip Makeuptick Balmain Collection - 469 Savage,Lip Makeup
L'Oreal Paris Color Riche Matte Lip Makeuptick Balmain Collection - 647 Safari,Lip Makeup
L'Oreal Paris Color Riche Moisture Matte Lip Makeuptick - 202 Maple Mocha,Lip Makeup
L'Oreal Paris Color Riche Moisture Matte Lip Makeuptick - 213 Lincoln Rose,Lip Makeup
L'Oreal Paris Color Riche Moisture Matte Lip Makeuptick - 239 Coral Veritable,Lip Makeup
L'Oreal Paris Color Riche Moisture Matte Lip Makeuptick - 289 Cashmere Delicate,Lip Makeup
L'Oreal Paris Color Riche Moisture Matte Lip Makeuptick - B404 Fuzzy Taupe,Lip Makeup
L'Oreal Paris Color Riche Moisture Matte Lip Makeuptick - BP401 Beige Sienna,Lip Makeup
L'Oreal Paris Color Riche Moisture Matte Lip Makeuptick - BP501 Peachy Brown,Lip Makeup
L'Oreal Paris Color Riche Moisture Matte Lip Makeuptick - C402 Peach Dream,Lip Makeup
L'Oreal Paris Color Riche Moisture Matte Lip Makeuptick - C511 Orange Power,Lip Makeup
L'Oreal Paris Color Riche Moisture Matte Lip Makeuptick - R514 Ruby Follie,Lip Makeup
L'Oreal Paris Color Riche Moisture Matte Lip Makeuptick - R517 Raspberry Syr,Lip Makeup
L'Oreal Paris Color Riche Moisture Matte Lip Makeuptick - RW512 Bloody Mary,Lip Makeup
L'Oreal Paris Color Riche Satin Lip Makeuptick - 364 Place Vendome,Lip Makeup
L'Oreal Paris Color Riche Shine Lip Makeuptick - 247 Shot of Sun,Lip Makeup
L'Oreal Paris Color Riche Shine Lip Makeuptick - 656 Beige in the City,Lip Makeup
L'Oreal Paris Color Riche Shine Lip Makeuptick - 657 Steal the Shine,Lip Makeup
L'Oreal Paris Color Riche Shine Lip Makeuptick - 658 Topless,Lip Makeup
L'Oreal Paris Color Riche Shine Lip Makeuptick - 659 Blow Your Glow,Lip Makeup
L'Oreal Paris Color Riche Shine Lip Makeuptick - 660 Get Nude,Lip Makeup
L'Oreal Paris Color Riche Sine Lip Makeuptick - 905 Tea Rose,Lip Makeup
L'Oreal Paris Color Riche Sine Lip Makeuptick - 906 Beige Velote,Lip Makeup
L'Oreal Paris Color Riche Sine Lip Makeuptick - 908 Rouge Ottoman,Lip Makeup
L'Oreal Paris Color Riche Sine Lip Makeuptick - 910 Plum Pompidou,Lip Makeup
L'Oreal Paris Color Riche Sine Lip Makeuptick - 911 Mauve Intensity,Lip Makeup
L'Oreal Paris Color Riche Sine Lip Makeuptick - 913 Coral Concord,Lip Makeup
L'Oreal Paris Color Riche Star 24K Gold Lip Makeuptick - C601 Coral Gold ,Lip Makeup
L'Oreal Paris Color Riche Star 24K Gold Lip Makeuptick - M601 Mocha Gold,Lip Makeup
L'Oreal Paris Color Riche Star 24K Gold Lip Makeuptick - P601 Rose Gold,Lip Makeup
L'Oreal Paris Color Riche Star 24K Gold Lip Makeuptick - R601 Rouge Gold,Lip Makeup
L'Oreal Paris Color Riche Star Nudes Lip Makeuptick - B406 Barely Moka Gong Li,Lip Makeup
L'Oreal Paris Colour Riche Lip Makeuptick Mattifier ,Lip Makeup
L'Oreal Paris False Lash Superstar X Fiber Mascara - Black,Eye Makeup
L'Oreal Paris Glow Chérie Glow Enhancer Highlighter - 1 Light,Face Makeup
L'Oreal Paris Glow Chérie Glow Enhancer Highlighter - 2 Medium,Face Makeup
L'Oreal Paris Glow Chérie Glow Enhancer Highlighter - 3 Dark,Face Makeup
L'Oreal Paris Glow Mon Amour Highlighting Drops Liquid Highlighter - 01 Champagne,Face Makeup
L'Oreal Paris Glow Mon Amour Highlighting Drops Liquid Highlighter - 02 Belini,Face Makeup
L'Oreal Paris Glow Mon Amour Highlighting Drops Liquid Highlighter - 04 Melon Dollar Baby 15ml,Face Makeup
L'Oreal Paris Gold Mirage Duo Eyeliner - 02 Sapphire Light,Eye Makeup
L'Oreal Paris Gold Mirage Duo Eyeliner - 04 Amethyst Light,Eye Makeup
L'Oreal Paris Gold Mirage Lip Gloss - 01 Gold Quartz,Lip Makeup
L'Oreal Paris Gold Mirage Lip Gloss - 02 Bronze Quartz,Lip Makeup
L'Oreal Paris Gold Mirage Lip Gloss - 02 Pink Quartz,Lip Makeup
L'Oreal Paris Gold Mirage Shine Eye Makeuphadow - 02 Pink Quartz,Eye Makeup
L'Oreal Paris Gold Mirage Shine Eye Makeuphadow - 04 Tiger Eye,Eye Makeup
L'Oreal Paris Infaillible Les Macarons Matte Liquid Lip Makeuptick - 820 Praline De Paris,Lip Makeup
L'Oreal Paris Infaillible Les Macarons Matte Liquid Lip Makeuptick - 820 Praline De Paris,Lip Makeup
L'Oreal Paris Infaillible Les Macarons Matte Liquid Lip Makeuptick - 822 Mon Caramel,Lip Makeup
L'Oreal Paris Infaillible Les Macarons Matte Liquid Lip Makeuptick - 822 Mon Caramel,Lip Makeup
L'Oreal Paris Infaillible Les Macarons Matte Liquid Lip Makeuptick - 828 Framboise Frenzy,Lip Makeup
L'Oreal Paris Infaillible Les Macarons Matte Liquid Lip Makeuptick - 830 Blackcurrant Crush,Lip Makeup
L'Oreal Paris Infaillible Les Macarons Matte Liquid Lip Makeuptick - 834 Infinite Spice,Lip Makeup
L'Oreal Paris Infaillible Les Macarons Matte Liquid Lip Makeuptick - 834 Infinite Spice,Lip Makeup
L'Oreal Paris Infaillible Les Macarons Matte Liquid Lip Makeuptick - 838 Blackcurrant Crush,Lip Makeup
L'Oreal Paris Infallible 24H Fresh Wear Breathable Liquid Foundation - 015 Porcelain,Face Makeup
L'Oreal Paris Infallible 24H Fresh Wear Breathable Liquid Foundation - 120 Vanilla,Face Makeup
L'Oreal Paris Infallible 24H Fresh Wear Breathable Liquid Foundation - 130 True Beige,Face Makeup
L'Oreal Paris Infallible 24H Fresh Wear Breathable Liquid Foundation - 140 Golden Beige,Face Makeup
L'Oreal Paris Infallible 24H Fresh Wear Breathable Liquid Foundation - 145 Rose Beige,Face Makeup
L'Oreal Paris Infallible 24H Fresh Wear Breathable Liquid Foundation - 145 Rose Beige,Face Makeup
L'Oreal Paris Infallible 24H Fresh Wear Breathable Liquid Foundation - 200 Golden Sand,Face Makeup
L'Oreal Paris Infallible 24H Fresh Wear Breathable Liquid Foundation - 220 Sable/Sand,Face Makeup
L'Oreal Paris Infallible 24H Matte Cover Liquid Foundation - 11 Vanilla,Face Makeup
L'Oreal Paris Infallible 24H Matte Cover Liquid Foundation - 110 Rose Vanilla,Face Makeup
L'Oreal Paris Infallible 24H Matte Cover Liquid Foundation - 118 Rose Linen,Face Makeup
L'Oreal Paris Infallible 24H Matte Cover Liquid Foundation - 12 Natural Rose,Face Makeup
L'Oreal Paris Infallible 24H Matte Cover Liquid Foundation - 13 Rose Beige,Face Makeup
L'Oreal Paris Infallible 24H Matte Cover Liquid Foundation - 145 Rose Beige,Face Makeup
L'Oreal Paris Infallible 24H Matte Cover Liquid Foundation - 155 Natural Rose,Face Makeup
L'Oreal Paris Infallible 24H Matte Cover Liquid Foundation - 175 Sand,Face Makeup
L'Oreal Paris Infallible 24H Matte Cover Liquid Foundation - 200 Golden Sand,Face Makeup
L'Oreal Paris Infallible 24H Matte Cover Liquid Foundation - 230 Radiant Honey,Face Makeup
L'Oreal Paris Infallible 24H Matte Cover Liquid Foundation - 24 Golden Beige,Face Makeup
L'Oreal Paris Infallible 24H Matte Cover Liquid Foundation - 25 Rose Ivory,Face Makeup
L'Oreal Paris Infallible 24H Matte Cover Liquid Foundation - 250 Radiant Sand,Face Makeup
L'Oreal Paris Infallible 24H Matte Cover Liquid Foundation - 30 Honey,Face Makeup
L'Oreal Paris Infallible 24H Matte Cover Liquid Foundation - 300 Amber,Face Makeup
L'Oreal Paris Infallible 24H Matte Face Makeup Powder - 123 Warm Vanilla,Face Makeup
L'Oreal Paris Infallible 24H Matte Face Makeup Powder - 160 Sand Beige,Face Makeup
L'Oreal Paris Infallible 24H Matte Face Makeup Powder - 225 Beige,Face Makeup
L'Oreal Paris Infallible 24H Matte Face Makeup Powder - 245 Warm Sand,Face Makeup
L'Oreal Paris Infallible Blush Paint Palette - 2 Amber,Face Makeup
L'Oreal Paris Infallible Full Wear More Than Concealer - 327 Cashmere,Face Makeup
L'Oreal Paris Infallible Full Wear More Than Concealer - 329 Cashew,Face Makeup
L'Oreal Paris Infallible Full Wear More Than Concealer - 331 Latte,Face Makeup
L'Oreal Paris Infallible Full Wear More Than Concealer - 332 Amber,Face Makeup
L'Oreal Paris Infallible Gel Crayon - 01 Back to Black Eye Pencil Waterproof,Eye Makeup
L'Oreal Paris Infallible Gel Crayon - 03 Browny Crush Eye Pencil Waterproof,Eye Makeup
L'Oreal Paris Infallible Gel Crayon - 11 Violet Eye Pencil Waterproof,Eye Makeup
L'Oreal Paris Infallible Les Chocolats Liquid Lip Makeuptick - 844 Sweet Tooth,Lip Makeup
L'Oreal Paris Infallible Les Chocolats Liquid Lip Makeuptick - 848 Dose of Cocoa ,Lip Makeup
L'Oreal Paris Infallible Les Chocolats Liquid Lip Makeuptick - 852 Box of Chocolates,Lip Makeup
L'Oreal Paris Infallible Les Chocolats Liquid Lip Makeuptick - 862 Volupto Choco,Lip Makeup
L'Oreal Paris Infallible Les Chocolats Liquid Lip Makeuptick - 864 Tasty Ruby ,Lip Makeup
L'Oreal Paris Infallible Les Chocolats Liquid Lip Makeuptick - 868 Cacao Crush,Lip Makeup
L'Oreal Paris Infallible Lipliner - 101 Gone with the Nude,Lip Makeup
L'Oreal Paris Infallible Lipliner - 102 Darling Pink,Lip Makeup
L'Oreal Paris Infallible Lipliner - 103 Fuchsia Wars,Lip Makeup
L'Oreal Paris Infallible Lipliner - 105 Red Fiction,Lip Makeup
L'Oreal Paris Infallible Lipliner - 201 Hollywood Beige,Lip Makeup
L'Oreal Paris Infallible Lipliner - 205 Apolcalypse Red,Lip Makeup
L'Oreal Paris Infallible Lipliner - 207 Wuthering Purple,Lip Makeup
L'Oreal Paris Infallible Lipliner - 212 NudeIst,Lip Makeup
L'Oreal Paris Infallible Lipliner - 701 Stay Ultraviolet,Lip Makeup
L'Oreal Paris Infallible Lipliner - 711 Invincible Red,Lip Makeup
L'Oreal Paris Infallible Magic Loose Setting Powder - 01 Translucent,Face Makeup
L'Oreal Paris Infallible Mattifying Primer,Face Makeup
L'Oreal Paris Infallible Primer - 01 Shine Kill (Anti Shine/ Oil Control),Face Makeup
L'Oreal Paris Infallible Primer - 03 Glorifier (AntiFatigue),Face Makeup
L'Oreal Paris Infallible Primer - 05 Glowizard (Illuminating),Face Makeup
L'Oreal Paris Infallible Shaping Stick Foundation - 130 Vanilla,Face Makeup
L'Oreal Paris Infallible Shaping Stick Foundation - 160 Sand,Face Makeup
L'Oreal Paris Infallible Shaping Stick Foundation - 180 Radiant Beige,Face Makeup
L'Oreal Paris Infallible Shaping Stick Foundation - 190 Beige Gold,Face Makeup
L'Oreal Paris Infallible Shaping Stick Foundation - 200 Honey,Face Makeup
L'Oreal Paris Infallible Shaping Stick Foundation - 210 Cappuccino,Face Makeup
L'Oreal Paris Infallible Shaping Stick Highlighter 502 Gold is Cold,Face Makeup
L'Oreal Paris Infallible Shaping Stick Highlighter 503 Slay in Rose,Face Makeup
L'Oreal Paris Infallible Unlimited Mascara - Black,Eye Makeup
L'Oreal Paris Isabel Marant Shine Anytime Glow Highlighter,Face Makeup
L'Oreal Paris La Petite Eye Makeuphadow Palette - 01 Maximalist ,Eye Makeup
L'Oreal Paris La Petite Eye Makeuphadow Palette - 02 Nudist,Eye Makeup
L'Oreal Paris La Petite Eye Makeuphadow Palette - 03 Optimist,Eye Makeup
L'Oreal Paris La Petite Eye Makeuphadow Palette - 04 Stylist ,Eye Makeup
L'Oreal Paris La Vie En Glow Highlighter Powder Palette - 01 Warm Glow,Face Makeup
L'Oreal Paris Lash Paradise Lash Serum Mascara - Transparent Clinically Proven ,Eye Makeup
L'Oreal Paris Lucent Magique Eclat Booster Illuminating Primer - Rose,Face Makeup
L'Oreal Paris Lucent Magique Touch Strobing Highlighter Stick ,Face Makeup
L'Oreal Paris Matte Signature Liquid Eyeliner - 01 Ink,Eye Makeup
L'Oreal Paris Matte Signature Liquid Eyeliner - 02 Blue,Eye Makeup
L'Oreal Paris Matte Signature Liquid Eyeliner - 04 Emeraude,Eye Makeup
L'Oreal Paris Matte Signature Liquid Eyeliner - 05 Burgundy,Eye Makeup
L'Oreal Paris Matte Signature Liquid Eyeliner - 06 Griege,Eye Makeup
L'Oreal Paris Matte Signature Liquid Eyeliner - 07 Copper,Eye Makeup
L'Oreal Paris Matte Signature Liquid Eyeliner - 09 Fuschia,Eye Makeup
L'Oreal Paris Mega Eye Makeuphadow Palette Eye Makeup Go Wild,Eye Makeup
L'Oreal Paris Miss Baby Roll Mascara 01 Black,Eye Makeup
L'Oreal Paris Miss Hippie Mascara - Black,Eye Makeup
L'Oreal Paris Rouge Melon Dollar Baby Blush,Face Makeup
L'Oreal Paris Rouge Signature Matte Lip Makeuptick - 105 Rule,Lip Makeup
L'Oreal Paris Rouge Signature Matte Lip Makeuptick - 112 Achieve,Lip Makeup
L'Oreal Paris Rouge Signature Matte Lip Makeuptick - 113 Don't,Lip Makeup
L'Oreal Paris Rouge Signature Matte Lip Makeuptick - 114 Represent,Lip Makeup
L'Oreal Paris Rouge Signature Matte Lip Makeuptick - 116 Explore,Lip Makeup
L'Oreal Paris Shake & Glow Spray Illuminator 100ml - Primer & Setting Spray,Face Makeup
L'Oreal Paris Super Liner Gel Intenza - Pure Black Eyeliner,Eye Makeup
L'Oreal Paris Super Liner Gelmatic Eyeliner - Ultra Black,Eye Makeup
L'Oreal Paris Super Liner Ink Precision Eyeliner - 01 Xtra Black,Eye Makeup
L'Oreal Paris Super Liner Lacquer Liquid Eyeliner - Black,Eye Makeup
L'Oreal Paris Super Liner LeKhol Eye Pencil - 101 Midnight Black,Eye Makeup
L'Oreal Paris Super Liner Lekhol Eye Pencil - 120 Immaculate Snow,Eye Makeup
L'Oreal Paris Super Liner Perfect Slim Eyeliner - 01 Green,Eye Makeup
L'Oreal Paris Super Liner Perfect Slim Eyeliner - 02 Blue,Eye Makeup
L'Oreal Paris Super Liner Perfect Slim Eyeliner - Intense Black ,Eye Makeup
L'Oreal Paris Super Liner Superstar Eyeliner - 01 Marilyn Black,Eye Makeup
L'Oreal Paris Superstar Duo Designer Eyeliner - Black ,Eye Makeup
L'Oreal Paris True Match Blur Cream Primer 25ml,Face Makeup
L'Oreal Paris True Match Blush - 120 Sandalwood Pink,Face Makeup
L'Oreal Paris True Match Blush - 160 Peach,Face Makeup
L'Oreal Paris True Match Blush - 165 Rose Bonne,Face Makeup
L'Oreal Paris True Match Blush - 200 Golden Amber,Face Makeup
L'Oreal Paris True Match Concealer - 1N Ivory,Face Makeup
L'Oreal Paris True Match Concealer - 2N Vanilla,Face Makeup
L'Oreal Paris True Match Concealer - 3D/W Beige Dore,Face Makeup
L'Oreal Paris True Match Concealer - 3N Beige Crem,Face Makeup
L'Oreal Paris True Match Concealer - 4N Beige,Face Makeup
L'Oreal Paris True Match Concealer - 6D/W Golden Honey,Face Makeup
L'Oreal Paris True Match Liquid Foundation - 1N Ivory,Face Makeup
L'Oreal Paris True Match Liquid Foundation - 1R/1C Rose Ivory,Face Makeup
L'Oreal Paris True Match Liquid Foundation - 2N Vanilla,Face Makeup
L'Oreal Paris True Match Liquid Foundation - 2R/2C Rose Vanilla,Face Makeup
L'Oreal Paris True Match Liquid Foundation - 3D/3W Golden Beige,Face Makeup
L'Oreal Paris True Match Liquid Foundation - 3R/3C Rose Beige,Face Makeup
L'Oreal Paris True Match Liquid Foundation - 4N Beige,Face Makeup
L'Oreal Paris True Match Liquid Foundation - 5D/5W Golden Sand,Face Makeup
L'Oreal Paris True Match Liquid Foundation - 6N Honey,Face Makeup
L'Oreal Paris True Match Liquid Foundation - 7D/7W Golden Amber,Face Makeup
L'Oreal Paris True Match Setting Powder - 1C Rose Ivory,Face Makeup
L'Oreal Paris True Match Setting Powder - 1W Golden Ivory,Face Makeup
L'Oreal Paris True Match Setting Powder - 3D/3W Golden Beige,Face Makeup
L'Oreal Paris True Match Setting Powder - 3R/3C Rose Beige,Face Makeup
L'Oreal Paris True Match Setting Powder - 5D/5W Golden Sand,Face Makeup
L'Oreal Paris True Match Super BB Cream - Gold ,Face Makeup
L'Oreal Paris True Match Super BB Cream - Honey ,Face Makeup
L'Oreal Paris True Match Super BB Cream - Ivory ,Face Makeup
L'Oreal Paris Volume Million Lashes Excess Mascara - Black,Eye Makeup
L'Oreal Paris Volume Million Lashes Fatale - Black Mascara,Eye Makeup
L'Oreal Paris Volume Million Lashes Feline Mascara - Black,Eye Makeup
L'Oreal Paris Volume Million Lashes Mascara - Extra Black,Eye Makeup
L'Oreal Paris Volume Million Lashes Mascara Waterproof - Black,Eye Makeup
L'Oreal Paris Volume Million Lashes Mega Volume Collagene - Extra Black Mascara,Eye Makeup
L'Oreal Paris Voluminous Lash Paradise Mascara - Classic Black,Eye Makeup
L'Oreal Paris Voluminous Lash Paradise Washable Mascara - Intense Black,Eye Makeup
L'Oreal Paris Voluminous Lash Paradise Waterproof Mascara - Black,Eye Makeup
L'Oreal Paris Infallible 24H Matte Cover Liquid Foundation - 97 Light Sand,Face Makeup
L'Oreal Paris Infallible 24H Matte Cover Liquid Foundation - 105.5 Gold Sand,Face Makeup
L'Oreal Paris Infallible 24H Matte Cover Liquid Foundation - 250 Radiant Sand,Face Makeup
L'Oreal Paris Infallible 24H Matte Cover Liquid Foundation - 110 Rose Vanilla,Face Makeup
L'Oreal Paris Infallible 24H Matte Cover Liquid Foundation - 118 Rose Linen,Face Makeup
L'Oreal Paris Infallible 24H Matte Cover Liquid Foundation - 125 Natural Rose,Face Makeup
L'Oreal Paris Infallible 24H Matte Cover Liquid Foundation - 108 Caramel Beige,Face Makeup
Infallible Magic Setting Spray ,Face Makeup
Maybelline New York Baby Lip Makeup - Anti-Oxidant Berry - Moisturizing Tinted Lip Balm,Lip Makeup
Maybelline New York Baby Lip Makeup - Anti-Oxidant Berry - Moisturizing Tinted Lip Balm,Lip Makeup
Maybelline New York Baby Lip Makeup - Berry Crush - Moisturizing Tinted Lip Balm,Lip Makeup
Maybelline New York Baby Lip Makeup - Berry Crush - Moisturizing Tinted Lip Balm,Lip Makeup
Maybelline New York Baby Lip Makeup - Berry Sherbet - Moisturizing Tinted Lip Balm,Lip Makeup
Maybelline New York Baby Lip Makeup - Candy Wow Cherry - Moisturizing Tinted Lip Balm,Lip Makeup
Maybelline New York Baby Lip Makeup - Candy Wow Orange - Moisturizing Tinted Lip Balm,Lip Makeup
Maybelline New York Baby Lip Makeup - Candy Wow Peach - Moisturizing Tinted Lip Balm,Lip Makeup
Maybelline New York Baby Lip Makeup - Candy Wow Raspberry - Moisturizing Tinted Lip Balm,Lip Makeup
Maybelline New York Baby Lip Makeup - Cherry Kiss - Moisturizing Tinted Lip Balm,Lip Makeup
Maybelline New York Baby Lip Makeup - Pink Lolita - Moisturizing Tinted Lip Balm,Lip Makeup
Maybelline New York Baby Lip Makeup - Pink Lolita - Moisturizing Tinted Lip Balm,Lip Makeup
Maybelline New York Baby Lip Makeup - Rose Addict - Moisturizing Tinted Lip Balm,Lip Makeup
Maybelline New York Baby Lip Makeup - Rose Addict - Moisturizing Tinted Lip Balm,Lip Makeup
Maybelline New York Baby Lip Makeup - Tropical Punch - Moisturizing Tinted Lip Balm,Lip Makeup
Maybelline New York Baby Skin Pore Eraser Primer,Face Makeup
Maybelline New York Brow Precise Master Shape Eyebrow Pen - 3 Deep Brown,Eye Makeup
Maybelline New York Brow Precise Micro Eyebrow Pencil - 03 Soft Brown,Eye Makeup
Maybelline New York Brow Precise Micro Eyebrow Pencil - 04 Deep Brown,Eye Makeup
Maybelline New York Brown Precise Master Shape Eyebrow Pen - 2 Soft Brown,Eye Makeup
Maybelline New York City Mini Eye Makeuphadow Palette - Rooftop Bronze,Eye Makeup
Maybelline New York City Mini Eye Makeuphadow Palette - Urban Jungle,Eye Makeup
Maybelline New York Clear Smooth All In One Powder Foundation - 01 Light,Face Makeup
Maybelline New York Clear Smooth All In One Powder Foundation - 02 Natural Beige,Face Makeup
Maybelline New York Clear Smooth All In One Powder Foundation - 03 Natural,Face Makeup
Maybelline New York Color Sensational Creamy Matte Lip Makeuptick - 504 Touch of Nude,Lip Makeup
Maybelline New York Color Sensational Creamy Matte Lip Makeuptick - 507 Almond Pink,Lip Makeup
Maybelline New York Color Sensational Creamy Matte Lip Makeuptick - 631 Mysterious Mocha,Lip Makeup
Maybelline New York Color Sensational Creamy Matte Lip Makeuptick - 632 Chilli Bomb,Lip Makeup
Maybelline New York Color Sensational Creamy Matte Lip Makeuptick - 640 Red Liberation,Lip Makeup
Maybelline New York Color Sensational Creamy Matte Lip Makeuptick - 647 Dare to be Red,Lip Makeup
Maybelline New York Color Sensational Creamy Matte Lip Makeuptick MINI - 656 Clay Crush,Lip Makeup
Maybelline New York Color Sensational Creamy Matte Lip Makeuptick - 656 Clay Crush,Lip Makeup
Maybelline New York Color Sensational Creamy Matte Lip Makeuptick - 657 Nude Nuance,Lip Makeup
Maybelline New York Color Sensational Creamy Matte Lip Makeuptick MINI - 657 Nude Nuance,Lip Makeup
Maybelline New York Color Sensational Creamy Matte Lip Makeuptick MINI - 660 Touch of Spice,Lip Makeup
Maybelline New York Color Sensational Creamy Matte Lip Makeuptick - 660 Touch of Spice,Lip Makeup
Maybelline New York Color Sensational Creamy Matte Lip Makeuptick - 691 Rich Ruby,Lip Makeup
Maybelline New York Color Sensational Creamy Matte Lip Makeuptick MINI - 695 Divine Wine,Lip Makeup
Maybelline New York Color Sensational Creamy Matte Lip Makeuptick - 695 Divine Wine,Lip Makeup
Maybelline New York Color Sensational Creamy Matte Lip Makeuptick - 987 Smoky Rose,Lip Makeup
Maybelline New York Color Sensational Creamy Matte Lip Makeuptick - 540 Hollywood Red,Lip Makeup
Maybelline New York Color Sensational Liquid Matte Lip Makeuptick - 01 To The Fullest,Lip Makeup
Maybelline New York Color Sensational Liquid Matte Lip Makeuptick - 02 Soft Wine,Lip Makeup
Maybelline New York Color Sensational Liquid Matte Lip Makeuptick - 04 Easy Berry,Lip Makeup
Maybelline New York Color Sensational Liquid Matte Lip Makeuptick - 05 Keep It Mellow,Lip Makeup
Maybelline New York Color Sensational Liquid Matte Lip Makeuptick - 06 Best Babe,Lip Makeup
Maybelline New York Color Sensational Liquid Matte Lip Makeuptick - 07 Barely Nude,Lip Makeup
Maybelline New York Color Sensational Liquid Matte Lip Makeuptick - 08 Sensationally Me,Lip Makeup
Maybelline New York Color Sensational Liquid Matte Lip Makeuptick - 09 Truly MLBB,Lip Makeup
Maybelline New York Color Sensational Liquid Matte Lip Makeuptick - 10 Birthday Suit On,Lip Makeup
Maybelline New York Color Sensational Matte Lip Makeuptick - 970 Daring Ruby,Lip Makeup
Maybelline New York Color Sensational Matte Nude Lip Makeuptick - 986 Melted Chocolate,Lip Makeup
Maybelline New York Color Sensational Matte Nude Lip Makeuptick - 988 Brown Sugar,Lip Makeup
Maybelline New York Colossal 6 Hr Kajal Khol Liner - 01 Black Smudge Proof Kajal,Eye Makeup
Maybelline New York Colossal Kajal Argan Oil 12 Hr Khol Liner - 01 Black Kajal,Eye Makeup
Maybelline New York Colossal Volum' Express Mascara - 100% Black,Eye Makeup
Maybelline New York Colossal Volum' Express Waterproof Mascara - Black,Eye Makeup
Maybelline New York Dream Fresh BB Cream SPF 30 - 02 Light 30ML,Face Makeup
Maybelline New York Eye Studio Hyper Precise Master Drama All Day Eyeliner - 700 Black ,Eye Makeup
Maybelline New York Eye Studio Lasting Drama Gel Eyeliner - Black,Eye Makeup
Maybelline New York Face Makeupstudio Master Bronze Color Highlighter Palette,Face Makeup
Maybelline New York Face Makeupstudio Master Chrome Extreme Highlighter - 200 Diamond Glow ,Face Makeup
Maybelline New York Face Makeupstudio Master Chrome Metallic Highlighter - 100 Molten Gold,Face Makeup
Maybelline New York Face Makeupstudio Master Prime Anti Redness Primer - 30 Green,Face Makeup
Maybelline New York Face Makeupstudio Master Prime Hydrating Primer - 50 Blue,Face Makeup
Maybelline New York Face Makeupstudio Master Primer - 10 Pore Minimiser ,Face Makeup
Maybelline New York Face Makeupstudio Master Sculpt Contour Palette - 02 Medium,Face Makeup
Maybelline New York Face Makeupstudio Master Strobing Liquid Illuminating Highlighter - 01 Nude,Face Makeup
Maybelline New York Face Makeupstudio Master Strobing Liquid Illuminating Highlighter - 02 Pink,Face Makeup
Maybelline New York Face Makeupstudio Master Strobing Stick Illuminating Highlighter - 01 Nude,Face Makeup
Maybelline New York Face Makeupstudio Master Strobing Stick Illuminating Highlighter - 02 Pink,Face Makeup
Maybelline New York Falsies Lash Lift Mascara - Black,Eye Makeup
Maybelline New York Falsies Waterproof Lash Lift Mascara - Black,Eye Makeup
Maybelline New York Fit Me Matte & Poreless Compact Powder - 109 Light Ivory ,Face Makeup
Maybelline New York Fit Me Matte & Poreless Compact Powder - 112 Natural Ivory,Face Makeup
Maybelline New York Fit Me Matte & Poreless Compact Powder - 115 Ivory,Face Makeup
Maybelline New York Fit Me Matte & Poreless Compact Powder - 118 Light Beige,Face Makeup
Maybelline New York Fit Me Matte & Poreless Compact Powder - 120 Classic Ivory,Face Makeup
Maybelline New York Fit Me Matte & Poreless Compact Powder - 128 Warm Nude,Face Makeup
Maybelline New York Fit Me Matte & Poreless Compact Powder - 230 Natural Buff,Face Makeup
Maybelline New York Fit Me Concealer - 15 Fair,Face Makeup
Maybelline New York Fit Me Concealer - 15 Fair,Face Makeup
Maybelline New York Fit Me Concealer - 17 Almond,Face Makeup
Maybelline New York Fit Me Concealer - 20 Sand,Face Makeup
Maybelline New York Fit Me Concealer - 20 Sand,Face Makeup
Maybelline New York Fit Me Concealer - 25 Medium,Face Makeup
Maybelline New York Fit Me Concealer - 25 Medium,Face Makeup
Maybelline New York Fit Me Concealer - 40 Caramel,Face Makeup
Maybelline New York Fit Me Dewy & Smooth Primer - For Normal to Dry Skin,Face Makeup
Maybelline New York Fit Me Luminous Smooth Liquid Foundation - 115 Ivory - For Normal to Dry Skin,Face Makeup
Maybelline New York Fit Me Luminous Smooth Liquid Foundation - 120 Classic Ivory - For Normal to Dry Skin ,Face Makeup
Maybelline New York Fit Me Luminous Smooth Liquid Foundation - 125 Nude Beige - For Normal to Dry Skin,Face Makeup
Maybelline New York Fit Me Luminous Smooth Liquid Foundation - 130 Buff Beige - For Normal to Dry Skin,Face Makeup
Maybelline New York Fit Me Luminous Smooth Liquid Foundation - 220 Natural Beige ,Face Makeup
Maybelline New York Fit Me Luminous Smooth Liquid Foundation - 315 Soft Honey - For Normal to Dry Skin,Face Makeup
Maybelline New York Fit Me Matte & Poreless Liquid Foundation - 100 Warm Ivory - For Normal to Oily Skin,Face Makeup
Maybelline New York Fit Me Matte & Poreless Liquid Foundation - 110 Porcelain - For Normal to Oily Skin,Face Makeup
Maybelline New York Fit Me Matte & Poreless Liquid Foundation - 112 Soft Beige - For Normal to Oily Skin,Face Makeup
Maybelline New York Fit Me Matte & Poreless Liquid Foundation - 115 Ivory - For Normal to Oily Skin,Face Makeup
Maybelline New York Fit Me Matte & Poreless Liquid Foundation - 120 Classic Ivory - For Normal to Oily Skin,Face Makeup
Maybelline New York Fit Me Matte & Poreless Liquid Foundation - 122 Creamy Beige - For Normal to Oily Skin,Face Makeup
Maybelline New York Fit Me Matte & Poreless Liquid Foundation - 124 Soft Sand - For Normal to Oily Skin,Face Makeup
Maybelline New York Fit Me Matte & Poreless Liquid Foundation - 128 Warm Nude - For Normal to Oily Skin,Face Makeup
Maybelline New York Fit Me Matte & Poreless Liquid Foundation - 190 Golden Natural - For Normal to Oily Skin,Face Makeup
Maybelline New York Fit Me Matte & Poreless Liquid Foundation - 220 Natural Beige - For Normal to Oily Skin,Face Makeup
Maybelline New York Fit Me Matte & Poreless Liquid Foundation - 230 Natural Buff - For Normal to Oily Skin,Face Makeup
Maybelline New York Fit Me Matte & Poreless Liquid Foundation - 250 Sun Beige - For Normal to Oily Skin,Face Makeup
Maybelline New York Fit Me Matte & Poreless Liquid Foundation - 330 Toffee - For Normal to Oily Skin,Face Makeup
Maybelline New York Fit Me Matte & Poreless Liquid Foundation - 334 Warm Tan - For Normal to Oily Skin,Face Makeup
Maybelline New York Fit Me Matte & Poreless Liquid Foundation - 358 Latte - For Normal to Oily Skin,Face Makeup
Maybelline New York Fit Me Matte & Poreless Liquid Foundation 18ml Mini Tube - 115 Ivory - For Normal to Oily Skin,Face Makeup
Maybelline New York Fit Me Matte & Poreless Liquid Foundation 18ml Mini Tube - 120 Classic Ivory - For Normal to Oily Skin,Face Makeup
Maybelline New York Fit Me Matte & Poreless Liquid Foundation 18ml Mini Tube - 128 Warm Nude - For Normal to Oily Skin,Face Makeup
Maybelline New York Fit Me Matte & Poreless Liquid Foundation 18ml Mini Tube - 130 Buff Beige - For Normal to Oily Skin,Face Makeup
Maybelline New York Fit Me Matte & Poreless Liquid Foundation 18ml Mini Tube - 220 Natural Beige - For Normal to Oily Skin,Face Makeup
Maybelline New York Fit Me Matte & Poreless Liquid Foundation 5ml Sachet 120 - Box of Six Sachets ,Face Makeup
Maybelline New York Fit Me Matte & Poreless Liquid Foundation 5ml Sachet 120 - Single Sachet,Face Makeup
Maybelline New York Fit Me Matte & Poreless Liquid Foundation 5ml Sachet 128 - Box of 6 Sachets,Face Makeup
Maybelline New York Fit Me Matte & Poreless Liquid Foundation 5ml Sachet 128 - Single Sachet,Face Makeup
Maybelline New York Fit Me Matte & Poreless Powder - 110 Fair,Face Makeup
Maybelline New York Fit Me Matte & Poreless Powder - 115 Ivory,Face Makeup
Maybelline New York Fit Me Matte & Poreless Powder - 120 Classic Ivory,Face Makeup
Maybelline New York Fit Me Matte & Poreless Powder - 128 Nude,Face Makeup
Maybelline New York Fit Me Matte & Poreless Powder - 130 Buff Beige,Face Makeup
Maybelline New York Fit Me Matte & Poreless Powder - 220 Natural Beige,Face Makeup
Maybelline New York Fit Me Matte & Poreless Powder - 330 Toffee,Face Makeup
Maybelline New York Fit Me Matte & Poreless Primer - For Normal to Oily Skin,Face Makeup
Maybelline New York Fit Me Mono Blush - 15 Nude,Face Makeup
Maybelline New York Fit Me Mono Blush - 25 Pink,Face Makeup
Maybelline New York Fit Me Mono Blush - 30 Rose,Face Makeup
Maybelline New York Fit Me Mono Blush - 35 Coral,Face Makeup
Maybelline New York Fit Me Mono Blush - 40 Peach,Face Makeup
Maybelline New York Fit Me Mono Blush - 50 Wine,Face Makeup
Maybelline New York Great Lash Mascara - Blackest Black ,Eye Makeup
Maybelline New York Hyper Tight Eyeliner - Black,Eye Makeup
Maybelline New York Instant Age Rewind Eraser Concealer - 100 Ivory,Face Makeup
Maybelline New York Instant Age Rewind Eraser Concealer - 110 Fair,Face Makeup
Maybelline New York Instant Age Rewind Eraser Concealer - 120 Light,Face Makeup
Maybelline New York Instant Age Rewind Eraser Concealer - 120 Light,Face Makeup
Maybelline New York Instant Age Rewind Eraser Concealer - 122 Sand,Face Makeup
Maybelline New York Instant Age Rewind Eraser Concealer - 130 Medium,Face Makeup
Maybelline New York Instant Age Rewind Eraser Concealer - 140 Honey,Face Makeup
Maybelline New York Instant Age Rewind Eraser Concealer - 142 Butter Scotch ,Face Makeup
Maybelline New York Instant Age Rewind Eraser Concealer - 144 Caramel,Face Makeup
Maybelline New York Instant Age Rewind Eraser Concealer - 150 Neutralizer,Face Makeup
Maybelline New York Instant Age Rewind Eraser Concealer - 150 Neutralizer,Face Makeup
Maybelline New York Lash Sensational Luscious Mascara - Intense Black,Eye Makeup
Maybelline New York Lash Sensational Luscious Mascara - Very Black,Eye Makeup
Maybelline New York Lasting Fix Makeup Setting Spray 60 ML,Face Makeup
Maybelline New York Lasting Fix Makeup Setting Spray 60 ML,Face Makeup
Maybelline New York Master Contour V-Shape Duo Stick - 1 Light Contour Stick,Face Makeup
Maybelline New York Master Contour V-Shape Duo Stick - 2 Medium Contour Stick ,Face Makeup
Maybelline New York Master Drama Khol Eyeliner - 16 Ultra Black,Eye Makeup
Maybelline New York Master Precise Tightliner Pen - 01 Black Liquid Eyeliner,Eye Makeup
Maybelline New York Rocket Volume Express Mascara - Very Black ,Eye Makeup
Maybelline New York Sensational Effects Liquid Eye Makeuphadow - 01 Beige Platinum,Eye Makeup
Maybelline New York Sensational Effects Liquid Eye Makeuphadow - 05 Burgundy Ash,Eye Makeup
Maybelline New York Sensational Effects Liquid Eye Makeuphadow - 06 Orange Rust,Eye Makeup
Maybelline New York Shine Complete Lacquer Pen - 9 Vicious Crimson Lip Makeuptick,Lip Makeup
Maybelline New York Super BB UltraCover BB Cream SPF 30 - 01 Fair 30 ML,Face Makeup
Maybelline New York Super BB UltraCover BB Cream SPF 30 - 02 Natural 30 ML,Face Makeup
Maybelline New York SuperStay Full Coverage 24H Liquid Foundation - 10 Ivory,Face Makeup
Maybelline New York SuperStay Full Coverage 24H Liquid Foundation - 112 Ivory,Face Makeup
Maybelline New York SuperStay Full Coverage 24H Liquid Foundation - 120 Classic Ivory,Face Makeup
Maybelline New York SuperStay Full Coverage 24H Liquid Foundation - 128 Warm Nude,Face Makeup
Maybelline New York SuperStay Full Coverage 24H Liquid Foundation - 130 Buff Beige ,Face Makeup
Maybelline New York SuperStay Full Coverage 24H Liquid Foundation - 21 Nude,Face Makeup
Maybelline New York SuperStay Full Coverage 24H Liquid Foundation - 220 Natural Beige,Face Makeup
Maybelline New York SuperStay Full Coverage 24H Liquid Foundation - 30 Sand,Face Makeup
Maybelline New York SuperStay Full Coverage 24H Liquid Foundation - 033 Sun Beige,Face Makeup
Maybelline New York SuperStay Full Coverage 24H Liquid Foundation - 49 Amber Beige,Face Makeup
Maybelline New York SuperStay Full Coverage 24H Liquid Foundation - 58 True Caramel,Face Makeup
Maybelline New York SuperStay Full Coverage Concealer - 05 Ivory,Face Makeup
Maybelline New York SuperStay Full Coverage Concealer - 10 Fair,Face Makeup
Maybelline New York SuperStay Full Coverage Concealer - 15 Light,Face Makeup
Maybelline New York SuperStay Full Coverage Concealer - 25 Medium,Face Makeup
Maybelline New York SuperStay Full Coverage Concealer - 30 Honey,Face Makeup
Maybelline New York SuperStay Ink Lip Crayon Lip Makeuptick - 05 Live On The Edge,Lip Makeup
Maybelline New York SuperStay Ink Lip Crayon Lip Makeuptick - 05 Live On The Edge,Lip Makeup
Maybelline New York SuperStay Ink Lip Crayon Lip Makeuptick - 10 Trust Your Gut,Lip Makeup
Maybelline New York SuperStay Ink Lip Crayon Lip Makeuptick - 15 Lead The Way,Lip Makeup
Maybelline New York SuperStay Ink Lip Crayon Lip Makeuptick - 15 Lead The Way,Lip Makeup
Maybelline New York SuperStay Ink Lip Crayon Lip Makeuptick - 20 Enjoy The View,Lip Makeup
Maybelline New York SuperStay Ink Lip Crayon Lip Makeuptick - 20 Enjoy The View,Lip Makeup
Maybelline New York SuperStay Ink Lip Crayon Lip Makeuptick - 25 Stay Exceptional,Lip Makeup
Maybelline New York SuperStay Ink Lip Crayon Lip Makeuptick - 25 Stay Exceptional,Lip Makeup
Maybelline New York SuperStay Ink Lip Crayon Lip Makeuptick - 50 Own Your Empire,Lip Makeup
Maybelline New York SuperStay Ink Lip Crayon Lip Makeuptick - 50 Own Your Empire,Lip Makeup
Maybelline New York SuperStay Ink Lip Crayon Lip Makeuptick - 55 Make It Happen,Lip Makeup
Maybelline New York SuperStay Ink Lip Crayon Lip Makeuptick - 55 Make It Happen,Lip Makeup
Maybelline New York SuperStay Ink Lip Crayon Lip Makeuptick - 60 Accept A Dare,Lip Makeup
Maybelline New York SuperStay Ink Lip Crayon Lip Makeuptick - 65 Settle For More,Lip Makeup
Maybelline New York SuperStay Ink Lip Crayon Lip Makeuptick - 65 Settle For More,Lip Makeup
Maybelline New York SuperStay Ink Lip Crayon Lip Makeuptick - 75 Speak Your Mind,Lip Makeup
Maybelline New York SuperStay Ink Lip Crayon Lip Makeuptick - 75 Speak Your Mind,Lip Makeup
Maybelline New York SuperStay Ink Lip Crayon Lip Makeuptick - 80 Run The World,Lip Makeup
Maybelline New York SuperStay Ink Lip Crayon Lip Makeuptick - 80 Seek The Truth,Lip Makeup
Maybelline New York SuperStay Ink Lip Crayon Lip Makeuptick - 85 Change Is Good,Lip Makeup
Maybelline New York SuperStay Ink Lip Crayon Lip Makeuptick - 85 Change Is Good,Lip Makeup
Maybelline New York SuperStay Ink Lip Crayon Lip Makeuptick - 90 Keep It Fun,Lip Makeup
Maybelline New York SuperStay Ink Lip Crayon Lip Makeuptick - 90 Keep It Fun,Lip Makeup
Maybelline New York SuperStay Matte Ink Liquid Lip Makeuptick - 05 Loyalist,Lip Makeup
Maybelline New York SuperStay Matte Ink Liquid Lip Makeuptick - 10 Dreamer,Lip Makeup
Maybelline New York SuperStay Matte Ink Liquid Lip Makeuptick - 110 Originator,Lip Makeup
Maybelline New York SuperStay Matte Ink Liquid Lip Makeuptick - 115 Founder,Lip Makeup
Maybelline New York SuperStay Matte Ink Liquid Lip Makeuptick - 115 Founder,Lip Makeup
Maybelline New York SuperStay Matte Ink Liquid Lip Makeuptick - 118 Dancer,Lip Makeup
Maybelline New York SuperStay Matte Ink Liquid Lip Makeuptick - 118 Dancer,Lip Makeup
Maybelline New York SuperStay Matte Ink Liquid Lip Makeuptick - 130 Self Starter,Lip Makeup
Maybelline New York SuperStay Matte Ink Liquid Lip Makeuptick - 130 Self Starter,Lip Makeup
Maybelline New York SuperStay Matte Ink Liquid Lip Makeuptick - 135 Globetrotter,Lip Makeup
Maybelline New York SuperStay Matte Ink Liquid Lip Makeuptick - 135 Globetrotter,Lip Makeup
Maybelline New York SuperStay Matte Ink Liquid Lip Makeuptick - 145 Front Runner,Lip Makeup
Maybelline New York SuperStay Matte Ink Liquid Lip Makeuptick - 15 Lover,Lip Makeup
Maybelline New York SuperStay Matte Ink Liquid Lip Makeuptick - 15 Lover,Lip Makeup
Maybelline New York SuperStay Matte Ink Liquid Lip Makeuptick - 150 Path Finder,Lip Makeup
Maybelline New York SuperStay Matte Ink Liquid Lip Makeuptick - 150 Path Finder,Lip Makeup
Maybelline New York SuperStay Matte Ink Liquid Lip Makeuptick - 155 Savant,Lip Makeup
Maybelline New York SuperStay Matte Ink Liquid Lip Makeuptick - 155 Savant,Lip Makeup
Maybelline New York SuperStay Matte Ink Liquid Lip Makeuptick - 160 Mover,Lip Makeup
Maybelline New York SuperStay Matte Ink Liquid Lip Makeuptick - 160 Mover,Lip Makeup
Maybelline New York SuperStay Matte Ink Liquid Lip Makeuptick - 165 Success,Lip Makeup
Maybelline New York SuperStay Matte Ink Liquid Lip Makeuptick - 165 Success,Lip Makeup
Maybelline New York SuperStay Matte Ink Liquid Lip Makeuptick - 170 Initiator,Lip Makeup
Maybelline New York SuperStay Matte Ink Liquid Lip Makeuptick - 170 Initiator,Lip Makeup
Maybelline New York SuperStay Matte Ink Liquid Lip Makeuptick - 175 Ringleader,Lip Makeup
Maybelline New York SuperStay Matte Ink Liquid Lip Makeuptick - 175 Ringleader,Lip Makeup
Maybelline New York SuperStay Matte Ink Liquid Lip Makeuptick - 180 Revolutionary ,Lip Makeup
Maybelline New York SuperStay Matte Ink Liquid Lip Makeuptick - 180 Revolutionary ,Lip Makeup
Maybelline New York SuperStay Matte Ink Liquid Lip Makeuptick - 20 Pioneer,Lip Makeup
Maybelline New York SuperStay Matte Ink Liquid Lip Makeuptick - 20 Pioneer,Lip Makeup
Maybelline New York SuperStay Matte Ink Liquid Lip Makeuptick - 35 Creator,Lip Makeup
Maybelline New York SuperStay Matte Ink Liquid Lip Makeuptick - 40 Believer,Lip Makeup
Maybelline New York SuperStay Matte Ink Liquid Lip Makeuptick - 50 Voyager,Lip Makeup
Maybelline New York SuperStay Matte Ink Liquid Lip Makeuptick - 50 Voyager,Lip Makeup
Maybelline New York SuperStay Matte Ink Liquid Lip Makeuptick - 55 Driver,Lip Makeup
Maybelline New York SuperStay Matte Ink Liquid Lip Makeuptick - 60 Poet,Lip Makeup
Maybelline New York SuperStay Matte Ink Liquid Lip Makeuptick - 65 Seductress,Lip Makeup
Maybelline New York SuperStay Matte Ink Liquid Lip Makeuptick - 65 Seductress,Lip Makeup
Maybelline New York SuperStay Matte Ink Liquid Lip Makeuptick - 70 Amazonian,Lip Makeup
Maybelline New York SuperStay Matte Ink Liquid Lip Makeuptick - 75 Fighter,Lip Makeup
Maybelline New York SuperStay Matte Ink Liquid Lip Makeuptick - 75 Fighter,Lip Makeup
Maybelline New York SuperStay Matte Ink Liquid Lip Makeuptick - 80 Ruler,Lip Makeup
Maybelline New York SuperStay Matte Ink Liquid Lip Makeuptick - 80 Ruler,Lip Makeup
Maybelline New York SuperStay Powder Foundation - 115 Ivory,Face Makeup
Maybelline New York SuperStay Powder Foundation - 120 Classic Ivory,Face Makeup
Maybelline New York SuperStay Powder Foundation - 130 Buff Beige,Face Makeup
Maybelline New York SuperStay Powder Foundation - 220 Natural Beige,Face Makeup
Maybelline New York SuperStay Powder Foundation - 30 Sand,Face Makeup
Maybelline New York SuperStay Powder Foundation - 40 Fawn,Face Makeup
Maybelline New York Tattoo Brow Eyebrow Pen - Dark Brown,Eye Makeup
Maybelline New York Tattoo Brow Eyebrow Pen - Medium Bown,Eye Makeup
Maybelline New York Tattoo Liner Gel Eyeliner Pencil - 900 Deep Onyx,Eye Makeup
Maybelline New York Tattoo Liner Gel Eyeliner Pencil - 910 Bold Brown,Eye Makeup
Maybelline New York Tattoo Liner Gel Eyeliner Pencil - 920 Striking Navy,Eye Makeup
Maybelline New York Tattoo Liner Gel Eyeliner Pencil - 921 Deep Teal,Eye Makeup
Maybelline New York Tattoo Liner Gel Eyeliner Pencil - 940 Rich Amethyst ,Eye Makeup
Maybelline New York Tattoo Liner Gel Eyeliner Pencil - 942 Rich Berry,Eye Makeup
Maybelline New York Total Temptation Eye Makeuphadow + Highlighter Palette,Eye Makeup
Maybelline NY New Fit Me Matte + Poreless Liquid Foundation SPF 22 - 110 Porcelain 30ml - For Normal to Oily Skin,Face Makeup
Maybelline NY New Fit Me Matte + Poreless Liquid Foundation SPF 22 - 112 Natural Ivory 30ml - For Normal to Oily Skin,Face Makeup
Maybelline NY New Fit Me Matte + Poreless Liquid Foundation SPF 22 - 115 Ivory 30ml - For Normal to Oily Skin,Face Makeup
Maybelline NY New Fit Me Matte + Poreless Liquid Foundation SPF 22 - 118 Light Beige 30ml - For Normal to Oily Skin,Face Makeup
Maybelline NY New Fit Me Matte + Poreless Liquid Foundation SPF 22 - 120 Classic Ivory 30ml - For Normal to Oily Skin,Face Makeup
Maybelline NY New Fit Me Matte + Poreless Liquid Foundation SPF 22 - 125 Nude Beige 30ml - For Normal to Oily Skin,Face Makeup
Maybelline NY New Fit Me Matte + Poreless Liquid Foundation SPF 22 - 128 Warm Nude 30ml - For Normal to Oily Skin,Face Makeup
Maybelline NY New Fit Me Matte + Poreless Liquid Foundation SPF 22 - 130 Buff Beige 30ml - For Normal to Oily Skin,Face Makeup
Maybelline NY New Fit Me Matte + Poreless Liquid Foundation SPF 22 - 220 Natural Beige 30ml - For Normal to Oily Skin,Face Makeup
Maybelline NY New Fit Me Matte + Poreless Liquid Foundation SPF 22 - 228 Soft Tan 30ml - For Normal to Oily Skin,Face Makeup
Maybelline NY New Fit Me Matte + Poreless Liquid Foundation SPF 22 - 230 Natural Buff 30ml - For Normal to Oily Skin,Face Makeup
Maybelline NY New Fit Me Matte + Poreless Liquid Foundation SPF 22 - 238 Rich Tan 30ml - For Normal to Oily Skin,Face Makeup
Maybelline NY New Fit Me Matte + Poreless Liquid Foundation SPF 22 - 310 Sun Beige 30ml - For Normal to Oily Skin,Face Makeup
Maybelline NY New Fit Me Matte + Poreless Liquid Foundation SPF 22 - 330 Toffee 30ml - For Normal to Oily Skin,Face Makeup
Maybelline NY New Fit Me Matte + Poreless Liquid Foundation SPF 22 - 332 Golden Caramel 30ml - For Normal to Oily Skin,Face Makeup
Maybelline NY New Fit Me Matte + Poreless Liquid Foundation SPF 22 - 335 Classic Tan 30ml - For Normal to Oily Skin,Face Makeup
Maybelline NY New Fit Me Dewy + Smooth Liquid Foundation SPF 23 - 110 Porcelain 30ml - For Normal to Dry Skin,Face Makeup
Maybelline NY New Fit Me Dewy + Smooth Liquid Foundation SPF 23 - 112 Natural Ivory 30ml - For Normal to Dry Skin,Face Makeup
Maybelline NY New Fit Me Dewy + Smooth Liquid Foundation SPF 23 - 115 Ivory 30ml - For Normal to Dry Skin,Face Makeup
Maybelline NY New Fit Me Dewy + Smooth Liquid Foundation SPF 23 - 120 Classic Ivory 30ml - For Normal to Dry Skin,Face Makeup
Maybelline NY New Fit Me Dewy + Smooth Liquid Foundation SPF 23 - 125 Nude Beige 30ml - For Normal to Dry Skin,Face Makeup
Maybelline NY New Fit Me Dewy + Smooth Liquid Foundation SPF 23 - 128 Warm Nude 30ml - For Normal to Dry Skin,Face Makeup
Maybelline NY New Fit Me Dewy + Smooth Liquid Foundation SPF 23 - 130 Buff Beige 30ml - For Normal to Dry Skin,Face Makeup
Maybelline NY New Fit Me Dewy + Smooth Liquid Foundation SPF 23 - 220 Natural Beige 30ml - For Normal to Dry Skin,Face Makeup
Maybelline NY New Fit Me Dewy + Smooth Liquid Foundation SPF 23 - 225 Medium Buff 30ml - For Normal to Dry Skin,Face Makeup
